Date,naive_pos,naive_neg,fits_pos,fits_neg
2017-02-01 00:00:00+00:00,0.46755620604380904,0.027699087833752502,0.46755620604380904,0.027699087833752502
2017-02-02 00:00:00+00:00,0.0012653377489180002,0.4880055317335056,0.0013378645526240002,0.000419523130403
2017-02-03 00:00:00+00:00,0.5052384734153741,0.000679060409311,0.5052384734153741,0.000679060409311
2017-02-06 00:00:00+00:00,0.0024247535717823337,0.00010544147274503569,0.0033532129746160003,0.00010198790914705352
2017-02-07 00:00:00+00:00,0.06478398693434367,0.010546573510509333,0.007646682155609001,0.00023624451569000002
2017-02-08 00:00:00+00:00,0.029076935403281337,0.0005016700015396668,0.043400682945502506,0.0005926701705895
2017-02-09 00:00:00+00:00,0.010499359035747502,0.000160024101205,0.020634673535823003,0.000184012620593
2017-02-10 00:00:00+00:00,0.07466480268825133,0.000293501512108,0.07466480268825133,0.000293501512108
2017-02-13 00:00:00+00:00,0.3443095527957964,0.0002651364144786667,0.033060166984796004,0.00027173408307100004
2017-02-14 00:00:00+00:00,,,,
2017-02-15 00:00:00+00:00,,,,
2017-02-16 00:00:00+00:00,0.9731013476848596,0.00036685721715900004,0.9731013476848596,0.00036685721715900004
2017-02-17 00:00:00+00:00,0.001450630370527,0.00010863046918485039,0.001450630370527,0.00010863046918485039
2017-02-21 00:00:00+00:00,0.546075403690338,0.0007231028866950001,,
2017-02-22 00:00:00+00:00,0.0390578634542175,0.205278125180484,0.049056474488072675,0.0002633687836346667
2017-02-23 00:00:00+00:00,0.4979286075249545,0.00016287961079755958,0.6638475228489064,0.00017722134847007946
2017-02-24 00:00:00+00:00,0.010896638967096,0.00017379755445200002,0.010896638967096,0.00017379755445200002
2017-02-27 00:00:00+00:00,0.0012777643278240002,0.00011224397167000001,,
2017-02-28 00:00:00+00:00,,,,
2017-03-01 00:00:00+00:00,0.3554228445980692,0.2021517146611584,0.444009998813271,0.0030796812206970005
2017-03-02 00:00:00+00:00,0.997063815593719,0.00022346536570600002,0.997063815593719,0.00022346536570600002
2017-03-03 00:00:00+00:00,,,,
2017-03-06 00:00:00+00:00,0.33935967029052866,0.1476047195925879,0.9962359070777891,0.000253381003858
2017-03-07 00:00:00+00:00,0.49992307616048454,0.00024094811669750002,0.9996267557144161,0.00026530286413600004
2017-03-08 00:00:00+00:00,0.026606487110257003,0.000255049410043,0.026606487110257003,0.000255049410043
2017-03-09 00:00:00+00:00,0.16641169786453203,0.00044491697917600006,0.16641169786453203,0.00044491697917600006
2017-03-10 00:00:00+00:00,0.837803244590759,0.000562676403205,0.837803244590759,0.000562676403205
2017-03-13 00:00:00+00:00,0.12256803363561601,0.00042656643199700004,0.12256803363561601,0.00042656643199700004
2017-03-14 00:00:00+00:00,0.0026615660171950004,0.00042635443969600003,,
2017-03-15 00:00:00+00:00,0.015813951298089667,0.00033124583812066676,0.021074985263112002,0.000350321599398
2017-03-16 00:00:00+00:00,0.001237343763932,0.08663957566022801,0.001237343763932,0.08663957566022801
2017-03-17 00:00:00+00:00,0.4997945541690565,0.0002211544997405,0.4997945541690565,0.0002211544997405
2017-03-20 00:00:00+00:00,0.10520076751708901,0.00040252317558000004,0.10520076751708901,0.00040252317558000004
2017-03-21 00:00:00+00:00,0.206601748883258,0.00036273504520036606,0.0010735839896365,9.947680155154907e-05
2017-03-22 00:00:00+00:00,0.999518990516662,0.00021166959777400003,0.999518990516662,0.00021166959777400003
2017-03-23 00:00:00+00:00,0.6660145161828644,0.32596681480451134,0.49998581979889406,0.48827892361441605
2017-03-24 00:00:00+00:00,0.07818974368274151,0.4507721223635595,0.13997879624366702,0.001279027899727
2017-03-27 00:00:00+00:00,,,,
2017-03-28 00:00:00+00:00,0.02239572443068,0.0026945201680060003,0.02239572443068,0.0026945201680060003
2017-03-29 00:00:00+00:00,0.6391789751127359,0.20207274833228403,0.7323893109957375,0.0052805405187726666
2017-03-30 00:00:00+00:00,0.086362279951572,0.000424894649768,0.086362279951572,0.000424894649768
2017-03-31 00:00:00+00:00,0.234096735715866,0.0005552586517290001,0.234096735715866,0.0005552586517290001
2017-04-03 00:00:00+00:00,0.44115985048119855,0.000416500872233849,0.00042213225970000003,6.960431346669793e-05
2017-04-04 00:00:00+00:00,0.6737191360443827,0.29472703583208637,0.999615222215652,0.000233573424338
2017-04-05 00:00:00+00:00,0.246886061278928,0.0004883997280555,0.027360433712601002,0.000196162625798
2017-04-06 00:00:00+00:00,0.6751944469017738,0.00030318853012912476,0.49418310141118077,0.0002557995758249683
2017-04-07 00:00:00+00:00,0.004382130282465,0.0011386140831740003,0.007452469784766,0.000213935389183
2017-04-10 00:00:00+00:00,0.620269395411014,0.0007379340095210001,,
2017-04-11 00:00:00+00:00,0.0006533619161922501,0.24778274325217325,0.0006533619161922501,0.24778274325217325
2017-04-12 00:00:00+00:00,0.713945603896198,0.004169103881784571,0.6663860057403017,0.009435940553278668
2017-04-13 00:00:00+00:00,0.672944083809852,0.0008702638151585001,0.672944083809852,0.0008702638151585001
2017-04-17 00:00:00+00:00,0.9978081583976741,0.00022488694230500002,,
2017-04-18 00:00:00+00:00,0.204799423110671,0.0003487919602775629,0.204799423110671,0.0003487919602775629
2017-04-19 00:00:00+00:00,0.49987406656146005,0.00039189460221650003,0.9644994735717771,0.00050816120347
2017-04-20 00:00:00+00:00,0.4247590305652307,0.0003455054150736667,0.137364894486381,0.00038783010677400005
2017-04-21 00:00:00+00:00,,,,
2017-04-24 00:00:00+00:00,,,,
2017-04-25 00:00:00+00:00,0.000101190489658,0.00011179188732000002,,
2017-04-26 00:00:00+00:00,0.00012720120139400002,9.747767762746663e-05,,
2017-04-27 00:00:00+00:00,,,,
2017-04-28 00:00:00+00:00,,,,
2017-05-01 00:00:00+00:00,0.6110521595595243,0.00203460266736,0.6110521595595243,0.00203460266736
2017-05-02 00:00:00+00:00,0.19428273975305865,0.6118224461873366,,
2017-05-03 00:00:00+00:00,0.022180773317813002,0.017256353050470002,,
2017-05-04 00:00:00+00:00,,,,
2017-05-05 00:00:00+00:00,0.001549774082377,0.29379984736442505,0.001549774082377,0.29379984736442505
2017-05-08 00:00:00+00:00,,,,
2017-05-09 00:00:00+00:00,0.9972070753574366,0.0012651440119945002,,
2017-05-10 00:00:00+00:00,,,,
2017-05-11 00:00:00+00:00,0.499999576248228,0.49883139887242506,,
2017-05-12 00:00:00+00:00,,,,
2017-05-15 00:00:00+00:00,0.009900147095322,0.9047051668167111,0.009900147095322,0.9047051668167111
2017-05-16 00:00:00+00:00,0.001478858408518,0.00014062739501200002,,
2017-05-17 00:00:00+00:00,0.49986790363618605,0.001028032500471,0.49986790363618605,0.001028032500471
2017-05-18 00:00:00+00:00,0.210309228592086,0.06437024973274645,0.00066223955946,0.000136404225486
2017-05-19 00:00:00+00:00,0.9901471535364784,0.006277954981972333,0.9857274591922756,0.009305319486884
2017-05-22 00:00:00+00:00,0.49236683037088363,0.000279927895462576,0.9846424460411071,0.00048249852261500004
2017-05-23 00:00:00+00:00,0.29008431325200906,0.33236702252179334,0.43474668264389005,0.0007956619374450001
2017-05-24 00:00:00+00:00,0.3980715429643164,0.262130658118015,0.3980715429643164,0.262130658118015
2017-05-25 00:00:00+00:00,0.061445399944204504,0.49884623405523554,0.12184573709964701,0.0006819986738260001
2017-05-26 00:00:00+00:00,0.49923232907894954,0.00031527768442150004,0.9965100884437561,0.00048141565639500005
2017-05-30 00:00:00+00:00,0.00394496647641,0.00143194431439,0.00394496647641,0.00143194431439
2017-05-31 00:00:00+00:00,0.00025350739451750003,7.511373041779734e-05,,
2017-06-01 00:00:00+00:00,0.6644501498085443,0.24602966318343475,0.9957636594772331,0.00026962623815
2017-06-02 00:00:00+00:00,0.1360191497951742,0.1939533743017812,0.064659272320568,0.07328692403098051
2017-06-05 00:00:00+00:00,,,,
2017-06-06 00:00:00+00:00,,,,
2017-06-07 00:00:00+00:00,0.9987490177154541,0.00023451771994500002,0.9987490177154541,0.00023451771994500002
2017-06-08 00:00:00+00:00,,,,
2017-06-09 00:00:00+00:00,,,,
2017-06-12 00:00:00+00:00,0.000583373912377,0.0001303632525376453,0.0007923606317490001,7.612575427629054e-05
2017-06-13 00:00:00+00:00,,,,
2017-06-14 00:00:00+00:00,,,,
2017-06-15 00:00:00+00:00,0.9992799758911126,0.00023693918046750002,0.999374568462371,0.000220064699533
2017-06-16 00:00:00+00:00,,,,
2017-06-19 00:00:00+00:00,0.9929649829864495,0.0004203300995865,,
2017-06-20 00:00:00+00:00,0.26862352279325274,0.22991640198354868,0.26862352279325274,0.22991640198354868
2017-06-21 00:00:00+00:00,,,,
2017-06-22 00:00:00+00:00,,,,
2017-06-23 00:00:00+00:00,0.49830547417513954,0.25313448329688953,,
2017-06-26 00:00:00+00:00,0.822259485721588,0.0005754843587050001,,
2017-06-27 00:00:00+00:00,,,,
2017-06-28 00:00:00+00:00,0.46745173627277803,0.0003402900401845,,
2017-06-29 00:00:00+00:00,0.2529600274865513,0.0197459684350175,,
2017-06-30 00:00:00+00:00,0.0063926750444805005,0.000562675311812,,
2017-07-03 00:00:00+00:00,,,,
2017-07-05 00:00:00+00:00,0.00034667793079200005,0.000201380607904,0.00034667793079200005,0.000201380607904
2017-07-06 00:00:00+00:00,,,,
2017-07-07 00:00:00+00:00,0.49877883371664156,0.0002770976134341794,,
2017-07-10 00:00:00+00:00,0.939426213502883,0.0007785771813355001,0.88307762145996,0.0013140782248220002
2017-07-11 00:00:00+00:00,0.5009973148116835,0.49779781495453757,0.999035954475402,0.00032072851900000004
2017-07-12 00:00:00+00:00,0.09680490157916151,0.00028009928792010146,0.000131129461806,6.169326661620289e-05
2017-07-13 00:00:00+00:00,,,,
2017-07-14 00:00:00+00:00,0.00047240627463900005,8.36776598589495e-05,0.00047240627463900005,8.36776598589495e-05
2017-07-17 00:00:00+00:00,,,,
2017-07-18 00:00:00+00:00,,,,
2017-07-19 00:00:00+00:00,,,,
2017-07-20 00:00:00+00:00,,,,
2017-07-21 00:00:00+00:00,,,,
2017-07-24 00:00:00+00:00,0.0018961313180620003,0.064672499895095,,
2017-07-25 00:00:00+00:00,0.000307385693304,0.000890850671567,,
2017-07-26 00:00:00+00:00,0.066522374749183,0.000451428553787,,
2017-07-27 00:00:00+00:00,0.7370024919509881,0.001027763937599,0.7370024919509881,0.001027763937599
2017-07-28 00:00:00+00:00,,,,
2017-07-31 00:00:00+00:00,,,,
2017-08-01 00:00:00+00:00,,,,
2017-08-02 00:00:00+00:00,0.33191574879795804,0.0014609050000821116,0.00011000068479900001,9.632689034333454e-05
2017-08-03 00:00:00+00:00,,,,
2017-08-04 00:00:00+00:00,0.999458014965057,0.00034647810389200004,,
2017-08-07 00:00:00+00:00,0.000609127862844,0.998675286769866,,
2017-08-08 00:00:00+00:00,0.18962505491799628,0.305070171540137,,
2017-08-09 00:00:00+00:00,0.33048295416907986,0.27096087450869716,0.311448649212252,0.33189241805909303
2017-08-10 00:00:00+00:00,0.998158350586891,0.0003197423648085,0.9953448176383971,0.00020547809253900002
2017-08-11 00:00:00+00:00,,,,
2017-08-14 00:00:00+00:00,0.338136502386381,0.255509751552987,0.5009579544421285,0.38315506812068606
2017-08-15 00:00:00+00:00,0.14099339377207726,0.23750668040156525,0.14099339377207726,0.23750668040156525
2017-08-16 00:00:00+00:00,0.28713654284365436,0.30983691835232635,0.42941787955351157,0.017167261597932502
2017-08-17 00:00:00+00:00,0.999524593353271,0.00032683939207300004,,
2017-08-18 00:00:00+00:00,0.018143322318792003,0.9047880172729491,0.018143322318792003,0.9047880172729491
2017-08-21 00:00:00+00:00,0.07530152797698901,0.001506162458099,0.07530152797698901,0.001506162458099
2017-08-22 00:00:00+00:00,0.008780329488217001,0.025457505136728002,0.008780329488217001,0.025457505136728002
2017-08-23 00:00:00+00:00,0.9991562366485591,0.00030850991606700003,,
2017-08-24 00:00:00+00:00,0.0398144284263245,0.16037315106950653,0.069205179810523,0.000523805152624
2017-08-25 00:00:00+00:00,0.000465617195004,8.069013711065054e-05,,
2017-08-28 00:00:00+00:00,0.008567000273615,0.005658910959027,0.008567000273615,0.005658910959027
2017-08-29 00:00:00+00:00,,,,
2017-08-30 00:00:00+00:00,0.5092868557840116,0.033388018944605836,0.3565359382191667,0.04405431610696978
2017-08-31 00:00:00+00:00,0.34303250629454807,0.49889609034289556,,
2017-09-01 00:00:00+00:00,0.49741938468650904,0.00020965303701750003,0.00040286296280100004,0.000178303831489
2017-09-05 00:00:00+00:00,0.5532459424409478,0.020514345958612148,0.5725765232928092,0.022839833606848804
2017-09-06 00:00:00+00:00,0.4993575879070701,0.002475824421707655,,
2017-09-07 00:00:00+00:00,7.620023825438693e-05,8.092619100352749e-05,7.620023825438693e-05,8.092619100352749e-05
2017-09-08 00:00:00+00:00,,,,
2017-09-11 00:00:00+00:00,,,,
2017-09-12 00:00:00+00:00,0.6132170039811168,0.0005690413236146,0.5175504483777328,0.00056964605027975
2017-09-13 00:00:00+00:00,,,,
2017-09-14 00:00:00+00:00,0.999277770519256,0.00019680256082200002,0.999277770519256,0.00019680256082200002
2017-09-15 00:00:00+00:00,0.024527609348297,0.9748256802558891,,
2017-09-18 00:00:00+00:00,,,,
2017-09-19 00:00:00+00:00,0.00017793623555900003,9.341807162854822e-05,,
2017-09-20 00:00:00+00:00,0.11434313654899501,0.000556293234694,,
2017-09-21 00:00:00+00:00,0.0007324650068760001,0.000129080421174,,
2017-09-22 00:00:00+00:00,,,,
2017-09-25 00:00:00+00:00,0.0015042406739660002,0.9940324425697321,0.0015042406739660002,0.9940324425697321
2017-09-26 00:00:00+00:00,0.9929889440536491,0.00026554786018,0.9929889440536491,0.00026554786018
2017-09-27 00:00:00+00:00,0.0007324300240720001,0.98659062385559,,
2017-09-28 00:00:00+00:00,0.0029622814618050003,0.512957572937011,,
2017-09-29 00:00:00+00:00,,,,
2017-10-02 00:00:00+00:00,0.07510969042778001,0.00038859678898000004,,
2017-10-03 00:00:00+00:00,0.9991702437400811,0.00021485466277200001,0.9986987113952631,0.00024152228434100003
2017-10-04 00:00:00+00:00,,,,
2017-10-05 00:00:00+00:00,0.0012501721503210001,0.978969693183898,,
2017-10-06 00:00:00+00:00,0.007025149650871001,0.292190611362457,,
2017-10-09 00:00:00+00:00,0.0016762333689250002,0.20972944796085302,,
2017-10-10 00:00:00+00:00,0.0015640557976430002,0.00019579252693800001,,
2017-10-11 00:00:00+00:00,,,,
2017-10-12 00:00:00+00:00,0.0016889252874530002,0.49875244486611303,,
2017-10-13 00:00:00+00:00,,,,
2017-10-16 00:00:00+00:00,,,,
2017-10-17 00:00:00+00:00,,,,
2017-10-18 00:00:00+00:00,,,,
2017-10-19 00:00:00+00:00,0.9523482322692871,0.000493809115141,0.9523482322692871,0.000493809115141
2017-10-20 00:00:00+00:00,0.9995250701904291,0.000409511208999,,
2017-10-23 00:00:00+00:00,,,,
2017-10-24 00:00:00+00:00,0.008643246721476,0.49628911167383155,0.013183981180191002,0.001657679677009
2017-10-25 00:00:00+00:00,0.023509364575147,0.40016970038414,,
2017-10-26 00:00:00+00:00,,,,
2017-10-27 00:00:00+00:00,,,,
2017-10-30 00:00:00+00:00,,,,
2017-10-31 00:00:00+00:00,0.009334284404758001,0.5050965636037286,,
2017-11-01 00:00:00+00:00,,,,
2017-11-02 00:00:00+00:00,0.06984651833772601,0.7913434505462641,,
2017-11-03 00:00:00+00:00,,,,
2017-11-06 00:00:00+00:00,,,,
2017-11-07 00:00:00+00:00,,,,
2017-11-08 00:00:00+00:00,,,,
2017-11-09 00:00:00+00:00,,,,
2017-11-10 00:00:00+00:00,,,,
2017-11-13 00:00:00+00:00,0.00259021599777,0.20558638870716,,
2017-11-14 00:00:00+00:00,0.25081854973905077,0.24804568467880003,0.3343769395723934,0.33066775359717804
2017-11-15 00:00:00+00:00,0.000233840444707,6.482081516878681e-05,0.000233840444707,6.482081516878681e-05
2017-11-16 00:00:00+00:00,,,,
2017-11-17 00:00:00+00:00,0.00020911694446100002,0.0013991737505420002,,
2017-11-20 00:00:00+00:00,0.9879896640777581,0.000685116567183,,
2017-11-21 00:00:00+00:00,0.009444529190659,0.3629536783701035,0.017704274505376,0.725779831409454
2017-11-22 00:00:00+00:00,,,,
2017-11-24 00:00:00+00:00,0.9996644258499141,0.000248233263846,,
2017-11-27 00:00:00+00:00,,,,
2017-11-28 00:00:00+00:00,0.000315636862069,0.000924592255614,,
2017-11-29 00:00:00+00:00,0.001579210278578,0.009814624674618001,0.001579210278578,0.009814624674618001
2017-11-30 00:00:00+00:00,,,,
2017-12-01 00:00:00+00:00,,,,
2017-12-04 00:00:00+00:00,,,,
2017-12-05 00:00:00+00:00,,,,
2017-12-06 00:00:00+00:00,0.012649001553654001,0.13384814560413302,,
2017-12-07 00:00:00+00:00,,,,
2017-12-08 00:00:00+00:00,,,,
2017-12-11 00:00:00+00:00,,,,
2017-12-12 00:00:00+00:00,0.045745920389890005,0.73188829421997,,
2017-12-13 00:00:00+00:00,,,,
2017-12-14 00:00:00+00:00,0.91121232509613,0.006536867469549,0.91121232509613,0.006536867469549
2017-12-15 00:00:00+00:00,0.9990290403366081,0.00048819647054100003,0.9990290403366081,0.00048819647054100003
2017-12-18 00:00:00+00:00,,,,
2017-12-19 00:00:00+00:00,,,,
2017-12-20 00:00:00+00:00,,,,
2017-12-21 00:00:00+00:00,0.5011701009934765,0.44520071716397003,,
2017-12-22 00:00:00+00:00,,,,
2017-12-26 00:00:00+00:00,,,,
2017-12-27 00:00:00+00:00,0.058386209406307,0.121830868854885,0.000408818916184,0.0006466570193870001
2017-12-28 00:00:00+00:00,,,,
2017-12-29 00:00:00+00:00,0.000858945102663,0.49975965567864455,,
2018-01-02 00:00:00+00:00,,,,
2018-01-03 00:00:00+00:00,,,,
2018-01-04 00:00:00+00:00,,,,
2018-01-05 00:00:00+00:00,,,,
2018-01-08 00:00:00+00:00,,,,
2018-01-09 00:00:00+00:00,,,,
2018-01-10 00:00:00+00:00,,,,
2018-01-11 00:00:00+00:00,,,,
2018-01-12 00:00:00+00:00,,,,
2018-01-16 00:00:00+00:00,,,,
2018-01-17 00:00:00+00:00,,,,
2018-01-18 00:00:00+00:00,,,,
2018-01-19 00:00:00+00:00,,,,
2018-01-22 00:00:00+00:00,,,,
2018-01-23 00:00:00+00:00,,,,
2018-01-24 00:00:00+00:00,,,,
2018-01-25 00:00:00+00:00,,,,
2018-01-26 00:00:00+00:00,,,,
2018-01-29 00:00:00+00:00,,,,
2018-01-30 00:00:00+00:00,,,,
2018-01-31 00:00:00+00:00,,,,
2018-02-01 00:00:00+00:00,0.000672450812999,0.0055095758289090005,,
2018-02-02 00:00:00+00:00,0.5003517441218716,0.49157840354018806,0.5003517441218716,0.49157840354018806
2018-02-05 00:00:00+00:00,,,,
2018-02-06 00:00:00+00:00,,,,
2018-02-07 00:00:00+00:00,,,,
2018-02-08 00:00:00+00:00,,,,
2018-02-09 00:00:00+00:00,0.8316569924354551,0.167582362890243,,
2018-02-12 00:00:00+00:00,,,,
2018-02-13 00:00:00+00:00,0.033994492143392,0.006422426551580001,,
2018-02-14 00:00:00+00:00,,,,
2018-02-15 00:00:00+00:00,,,,
2018-02-16 00:00:00+00:00,,,,
2018-02-20 00:00:00+00:00,,,,
2018-02-21 00:00:00+00:00,,,,
2018-02-22 00:00:00+00:00,,,,
2018-02-23 00:00:00+00:00,,,,
2018-02-26 00:00:00+00:00,0.502480147406458,0.11022494755161401,,
2018-02-27 00:00:00+00:00,0.8228160738945004,0.001855876102732667,0.7379104495048521,0.0025249420141330004
2018-02-28 00:00:00+00:00,,,,
2018-03-01 00:00:00+00:00,,,,
2018-03-02 00:00:00+00:00,,,,
2018-03-05 00:00:00+00:00,,,,
2018-03-06 00:00:00+00:00,,,,
2018-03-07 00:00:00+00:00,,,,
2018-03-08 00:00:00+00:00,,,,
2018-03-09 00:00:00+00:00,,,,
2018-03-12 00:00:00+00:00,,,,
2018-03-13 00:00:00+00:00,,,,
2018-03-14 00:00:00+00:00,,,,
2018-03-15 00:00:00+00:00,,,,
2018-03-16 00:00:00+00:00,,,,
2018-03-19 00:00:00+00:00,,,,
2018-03-20 00:00:00+00:00,,,,
2018-03-21 00:00:00+00:00,0.9882927536964411,0.003896801499649,,
2018-03-22 00:00:00+00:00,,,,
2018-03-23 00:00:00+00:00,,,,
2018-03-26 00:00:00+00:00,,,,
2018-03-27 00:00:00+00:00,,,,
2018-03-28 00:00:00+00:00,,,,
2018-03-29 00:00:00+00:00,,,,
2018-04-02 00:00:00+00:00,,,,
2018-04-03 00:00:00+00:00,0.00016389884694900002,0.000760078022722,,
2018-04-04 00:00:00+00:00,0.0009647977130945,0.0006281568785195,0.001266315346583,0.000351488473825
2018-04-05 00:00:00+00:00,,,,
2018-04-06 00:00:00+00:00,,,,
2018-04-09 00:00:00+00:00,0.000609225666266,0.0005968536861470001,0.000609225666266,0.0005968536861470001
2018-04-10 00:00:00+00:00,0.9626523852348321,0.0019380801822990001,,
2018-04-11 00:00:00+00:00,,,,
2018-04-12 00:00:00+00:00,0.011488163843750001,0.08305478841066301,,
2018-04-13 00:00:00+00:00,0.00098353458452,0.49675948824733457,0.00096005591331,0.9845027327537531
2018-04-16 00:00:00+00:00,0.3452188400842713,0.009711702863569,0.9956110119819641,0.00044125798740400006
2018-04-17 00:00:00+00:00,,,,
2018-04-18 00:00:00+00:00,0.818208575248718,0.000631563481874,,
2018-04-19 00:00:00+00:00,,,,
2018-04-20 00:00:00+00:00,,,,
2018-04-23 00:00:00+00:00,0.9996259212493891,0.000315465353196,0.9996259212493891,0.000315465353196
2018-04-24 00:00:00+00:00,0.49977010914881204,0.00014187605847822902,0.49977010914881204,0.00014187605847822902
2018-04-25 00:00:00+00:00,0.000608675123658,0.000139281881274,0.000608675123658,0.000139281881274
2018-04-26 00:00:00+00:00,0.999672055244445,0.000244557042606,0.999672055244445,0.000244557042606
2018-04-27 00:00:00+00:00,0.68154901266098,0.0004654703370755,0.68154901266098,0.0004654703370755
2018-04-30 00:00:00+00:00,0.5570530665572732,0.339076136462002,0.0007759251166130001,0.998481571674346
2018-05-01 00:00:00+00:00,,,,
2018-05-02 00:00:00+00:00,0.997765660285949,0.0018842422869050001,0.997765660285949,0.0018842422869050001
2018-05-03 00:00:00+00:00,0.009277306136936751,0.4114985728920144,0.011279672835371,0.22383498677421185
2018-05-04 00:00:00+00:00,0.00133030838333,0.00010016739543,0.00133030838333,0.00010016739543
2018-05-07 00:00:00+00:00,0.000175704466528,8.995330426841976e-05,,
2018-05-08 00:00:00+00:00,0.16938918394347002,0.20992010410797432,,
2018-05-09 00:00:00+00:00,0.29670378193259206,0.013760070602681,0.00264916755259,0.0203453435606205
2018-05-10 00:00:00+00:00,0.002076674126631333,0.010122974897967478,0.000153562432387,7.98880064394325e-05
2018-05-11 00:00:00+00:00,,,,
2018-05-14 00:00:00+00:00,0.001365410498692,0.079059167503146,,
2018-05-15 00:00:00+00:00,0.9995532631874081,0.000253231934038,0.9995532631874081,0.000253231934038
2018-05-16 00:00:00+00:00,0.000515002931933,7.793245458742604e-05,,
2018-05-17 00:00:00+00:00,0.0041654711385485,0.0020171628675595,0.00015867609181400002,0.00011960069969000001
2018-05-18 00:00:00+00:00,0.051731657236814006,0.00035456602927200003,,
2018-05-21 00:00:00+00:00,0.988030493259429,0.00034767229226400004,,
2018-05-22 00:00:00+00:00,0.011130059472634,0.00022641490068000001,0.022003203630447003,0.00026787610840900005
2018-05-23 00:00:00+00:00,,,,
2018-05-24 00:00:00+00:00,,,,
2018-05-25 00:00:00+00:00,0.010933671146631001,0.9428331255912781,0.010933671146631001,0.9428331255912781
2018-05-29 00:00:00+00:00,0.000209779376746,0.002306010341271,,
2018-05-30 00:00:00+00:00,0.000430123029218,0.000396782357711,,
2018-05-31 00:00:00+00:00,0.0079102057497945,0.152421499602496,0.004205799195915,0.008977314457297
2018-06-01 00:00:00+00:00,0.20004917681217102,0.42529469728469804,0.20004917681217102,0.42529469728469804
2018-06-04 00:00:00+00:00,0.3917533253940439,0.2571650467652939,0.3917533253940439,0.2571650467652939
2018-06-05 00:00:00+00:00,0.2019184763164954,0.0020653543047952,0.2019184763164954,0.0020653543047952
2018-06-06 00:00:00+00:00,0.99925547838211,0.00029455104959100003,0.99925547838211,0.00029455104959100003
2018-06-07 00:00:00+00:00,0.659240413224324,0.0003382413973055563,,
2018-06-08 00:00:00+00:00,0.48341442493256154,0.023144429636886,0.48341442493256154,0.023144429636886
2018-06-11 00:00:00+00:00,0.6616389751434321,0.035311613231897,,
2018-06-12 00:00:00+00:00,0.9833351373672481,0.00033474402152900004,,
2018-06-13 00:00:00+00:00,0.0019958985503760003,0.000127640421851,0.0019958985503760003,0.000127640421851
2018-06-14 00:00:00+00:00,0.05553405085407137,0.0772012418294453,0.0037865855265400003,0.6865048408508301
2018-06-15 00:00:00+00:00,0.7841677444754167,0.00043939841270859996,0.48684367974055903,0.0006170179403845001
2018-06-18 00:00:00+00:00,,,,
2018-06-19 00:00:00+00:00,0.004194709006696,0.00011474160419300001,,
2018-06-20 00:00:00+00:00,0.500063837083871,0.00045714173756950004,0.9996640682220451,0.00019208333105700002
2018-06-21 00:00:00+00:00,0.0029139586695235004,0.48977554944212853,,
2018-06-22 00:00:00+00:00,0.2726485254305378,0.25792996810196167,0.0012684464745685,0.4397877084047645
2018-06-25 00:00:00+00:00,0.9994930028915401,0.00019916529709000002,,
2018-06-26 00:00:00+00:00,,,,
2018-06-27 00:00:00+00:00,0.37055869365576605,0.000372367401723,,
2018-06-28 00:00:00+00:00,0.138532621785998,0.2895747143172356,,
2018-06-29 00:00:00+00:00,0.1314725986085245,0.23181190959257902,0.0034139617346220005,0.9251185059547421
2018-07-02 00:00:00+00:00,,,,
2018-07-03 00:00:00+00:00,,,,
2018-07-05 00:00:00+00:00,,,,
2018-07-06 00:00:00+00:00,,,,
2018-07-09 00:00:00+00:00,,,,
2018-07-10 00:00:00+00:00,,,,
2018-07-11 00:00:00+00:00,,,,
2018-07-12 00:00:00+00:00,,,,
2018-07-13 00:00:00+00:00,,,,
2018-07-16 00:00:00+00:00,,,,
2018-07-17 00:00:00+00:00,,,,
2018-07-18 00:00:00+00:00,,,,
2018-07-19 00:00:00+00:00,,,,
2018-07-20 00:00:00+00:00,,,,
2018-07-23 00:00:00+00:00,,,,
2018-07-24 00:00:00+00:00,,,,
2018-07-25 00:00:00+00:00,,,,
2018-07-26 00:00:00+00:00,,,,
2018-07-27 00:00:00+00:00,,,,
2018-07-30 00:00:00+00:00,,,,
2018-07-31 00:00:00+00:00,,,,
2018-08-01 00:00:00+00:00,0.9990879297256471,0.00045656959991900004,0.9990879297256471,0.00045656959991900004
2018-08-02 00:00:00+00:00,0.48473785727401203,0.4935687043762296,0.48473785727401203,0.4935687043762296
2018-08-03 00:00:00+00:00,0.49997075344435854,0.15377668426663102,0.49997075344435854,0.15377668426663102
2018-08-06 00:00:00+00:00,,,,
2018-08-07 00:00:00+00:00,,,,
2018-08-08 00:00:00+00:00,,,,
2018-08-09 00:00:00+00:00,,,,
2018-08-10 00:00:00+00:00,,,,
2018-08-13 00:00:00+00:00,,,,
2018-08-14 00:00:00+00:00,,,,
2018-08-15 00:00:00+00:00,,,,
2018-08-16 00:00:00+00:00,,,,
2018-08-17 00:00:00+00:00,,,,
2018-08-20 00:00:00+00:00,,,,
2018-08-21 00:00:00+00:00,,,,
2018-08-22 00:00:00+00:00,0.496916794916614,0.0038247990887610005,0.990155577659606,0.0032854708842930003
2018-08-23 00:00:00+00:00,0.293384751596022,0.5088826734572646,0.293384751596022,0.5088826734572646
2018-08-24 00:00:00+00:00,0.0007336019189090001,0.006741250865161001,,
2018-08-27 00:00:00+00:00,,,,
2018-08-28 00:00:00+00:00,0.00012643364607300002,0.00037224317202300003,,
2018-08-29 00:00:00+00:00,0.003236481454223,0.743371307849884,0.003236481454223,0.743371307849884
2018-08-30 00:00:00+00:00,0.00011031607573300001,0.00010922182991600001,0.00011031607573300001,0.00010922182991600001
2018-08-31 00:00:00+00:00,0.3357841031975107,0.0006004235474386667,0.9991424083709711,0.0007436380255960001
2018-09-04 00:00:00+00:00,0.684008777141571,0.0065669999457890005,0.684008777141571,0.0065669999457890005
2018-09-05 00:00:00+00:00,0.0023648887872690003,0.675200581550598,,
2018-09-06 00:00:00+00:00,0.0039175762794910005,0.49490630626678406,,
2018-09-07 00:00:00+00:00,0.0004675959644365,0.49889878733665655,,
2018-09-10 00:00:00+00:00,0.7487302273511883,0.00064561309409275,0.9808083772659301,0.001558944233693
2018-09-11 00:00:00+00:00,0.18847426853608298,0.3308196402989167,0.18847426853608298,0.3308196402989167
2018-09-12 00:00:00+00:00,0.27563563207950154,0.001472891645971257,0.27635804600972036,0.0009906207851595097
2018-09-13 00:00:00+00:00,0.04463115315108201,0.0013086775822250003,0.0648314048885365,0.0017643906758165002
2018-09-14 00:00:00+00:00,0.503325518453493,0.00020051368483050002,0.9993042945861811,0.000258190237218
2018-09-17 00:00:00+00:00,0.07420708239078501,0.00036625526263300005,0.07420708239078501,0.00036625526263300005
2018-09-18 00:00:00+00:00,,,,
2018-09-19 00:00:00+00:00,0.006265228032134001,0.04785138045554,0.0031141934450710004,0.00017941842088400002
2018-09-20 00:00:00+00:00,,,,
2018-09-21 00:00:00+00:00,0.10151851922273601,0.000624957145191,0.10151851922273601,0.000624957145191
2018-09-24 00:00:00+00:00,0.011638768017292,0.000439163297414,0.011638768017292,0.000439163297414
2018-09-25 00:00:00+00:00,0.9989848732948301,0.00036473659565600005,,
2018-09-26 00:00:00+00:00,0.000648277055006,0.0006708583678110001,0.000648277055006,0.0006708583678110001
2018-09-27 00:00:00+00:00,0.0006938555743540001,0.00014261491014600002,0.0006938555743540001,0.00014261491014600002
2018-09-28 00:00:00+00:00,0.004129619803279,0.49725785851478504,0.004129619803279,0.49725785851478504
2018-10-01 00:00:00+00:00,,,,
2018-10-02 00:00:00+00:00,,,,
2018-10-03 00:00:00+00:00,,,,
2018-10-04 00:00:00+00:00,,,,
2018-10-05 00:00:00+00:00,,,,
2018-10-08 00:00:00+00:00,,,,
2018-10-09 00:00:00+00:00,,,,
2018-10-10 00:00:00+00:00,,,,
2018-10-11 00:00:00+00:00,,,,
2018-10-12 00:00:00+00:00,,,,
2018-10-15 00:00:00+00:00,,,,
2018-10-16 00:00:00+00:00,,,,
2018-10-17 00:00:00+00:00,,,,
2018-10-18 00:00:00+00:00,,,,
2018-10-19 00:00:00+00:00,,,,
2018-10-22 00:00:00+00:00,,,,
2018-10-23 00:00:00+00:00,,,,
2018-10-24 00:00:00+00:00,,,,
2018-10-25 00:00:00+00:00,,,,
2018-10-26 00:00:00+00:00,,,,
2018-10-29 00:00:00+00:00,,,,
2018-10-30 00:00:00+00:00,,,,
2018-10-31 00:00:00+00:00,,,,
2018-11-01 00:00:00+00:00,0.9996318817138671,0.000196583758224,0.9996318817138671,0.000196583758224
2018-11-02 00:00:00+00:00,,,,
2018-11-05 00:00:00+00:00,0.024579837918281004,0.9749681949615471,0.024579837918281004,0.9749681949615471
2018-11-06 00:00:00+00:00,0.850420027971267,0.001392638223478,0.927381515502929,0.002001695567741
2018-11-07 00:00:00+00:00,,,,
2018-11-08 00:00:00+00:00,,,,
2018-11-09 00:00:00+00:00,0.0021819387475255,0.49712980471667806,0.00035946702701,0.0004964606487190001
2018-11-12 00:00:00+00:00,0.23753583058714803,0.1767476029344825,,
2018-11-13 00:00:00+00:00,0.242664401856018,0.0009703990581325,,
2018-11-14 00:00:00+00:00,0.8724631965160365,0.038343683088896005,0.9051324129104611,0.07585748285055101
2018-11-15 00:00:00+00:00,0.7490663007774853,0.0006739076234225001,0.4994225354748775,0.001088880788302
2018-11-16 00:00:00+00:00,0.7738628292805513,0.2035444268956778,0.9873611927032466,0.009486197377555
2018-11-19 00:00:00+00:00,0.49740143975941453,0.0002684208157003012,0.49315557337831706,0.00034462870098610237
2018-11-20 00:00:00+00:00,0.1844922250485974,0.2258549420439518,0.23019853413279576,0.24970890189251774
2018-11-21 00:00:00+00:00,0.33708064874226634,0.004729219689761001,0.17215036253401128,0.005839691803884626
2018-11-23 00:00:00+00:00,0.001157157006673,0.00013700823183100002,,
2018-11-26 00:00:00+00:00,0.9979698061943051,0.000310161412926,,
2018-11-27 00:00:00+00:00,0.000507690701245,0.34391824937968773,0.0005168482894070001,0.9985097050666801
2018-11-28 00:00:00+00:00,0.4258294577535704,0.18409903079736922,0.12418902036733902,0.45899930468294703
2018-11-29 00:00:00+00:00,0.0153415965382006,0.19779833266802582,0.070185080170631,0.0004962863749820001
2018-11-30 00:00:00+00:00,0.3352429306833067,0.108983131406906,0.502613049698993,0.110032662239973
2018-12-03 00:00:00+00:00,0.034332994371652,0.046872892417013506,,
2018-12-04 00:00:00+00:00,0.919305264949798,0.0005832155002280001,0.919305264949798,0.0005832155002280001
2018-12-06 00:00:00+00:00,0.0017608641646800001,0.176978170871734,0.0017608641646800001,0.176978170871734
2018-12-07 00:00:00+00:00,,,,
2018-12-10 00:00:00+00:00,0.058792784810066,0.000620820675976,0.058792784810066,0.000620820675976
2018-12-11 00:00:00+00:00,0.0008668951923020001,0.0006935627898200001,,
2018-12-12 00:00:00+00:00,0.0005384700489230001,0.004211392253637001,,
2018-12-13 00:00:00+00:00,0.834413707256317,0.0007492610602630001,0.834413707256317,0.0007492610602630001
2018-12-14 00:00:00+00:00,,,,
2018-12-17 00:00:00+00:00,0.996342480182647,0.000211964172194,,
2018-12-18 00:00:00+00:00,0.3566685303812843,0.5564549405535213,0.6882314831018446,0.260761199227999
2018-12-19 00:00:00+00:00,0.22369103037150675,0.6735996457900906,0.01935224196252667,0.979868153731028
2018-12-20 00:00:00+00:00,0.19736512440722395,0.633044759025991,0.03873999929055525,0.5032713561085977
2018-12-21 00:00:00+00:00,0.32427308833006346,0.5362685549201988,0.3672636724870903,0.5457136314600404
2018-12-24 00:00:00+00:00,0.2934188162713926,0.5661910435042546,0.3770376309902135,0.44273245255629073
2018-12-26 00:00:00+00:00,0.7509159283786584,0.18207944155437827,0.4654398281709287,0.333470603160094
2018-12-27 00:00:00+00:00,0.3032977218681477,0.5197410313194265,0.009537732781609,0.9529688060283656
2018-12-28 00:00:00+00:00,0.4488304774458807,0.37633779598521216,0.5167957475641738,0.4825990450372043
2018-12-31 00:00:00+00:00,,,,
2019-01-02 00:00:00+00:00,0.16393694703959102,0.8350637483071615,0.34375237770533756,0.6539454136000128
2019-01-03 00:00:00+00:00,0.2149781390343732,0.7533040625809609,0.14721150215925777,0.851331583527748
2019-01-04 00:00:00+00:00,0.4690426918659002,0.3941855896232677,0.40075005506514527,0.5986847927670165
2019-01-07 00:00:00+00:00,0.683557751619319,0.20551646269315021,0.4941806121887085,0.34805420345985155
2019-01-08 00:00:00+00:00,0.4385369320609303,0.4428236035767845,0.34830668728938985,0.5281477197082384
2019-01-09 00:00:00+00:00,0.5370562164694999,0.3138740867638257,0.4802756487915756,0.27162162536842477
2019-01-10 00:00:00+00:00,,,,
2019-01-11 00:00:00+00:00,0.6661381961700195,0.33279750405927133,,
2019-01-14 00:00:00+00:00,0.14940098986133057,0.6419868154270159,0.0013946719409425002,0.502631679177284
2019-01-15 00:00:00+00:00,0.3045008548166754,0.5578058733791593,0.30094800797451127,0.6143601454541562
2019-01-16 00:00:00+00:00,0.6174817084289053,0.2745583220525333,0.8658857001937571,0.13345027517971125
2019-01-17 00:00:00+00:00,0.37293119055902874,0.3719145957138603,0.38529049295466344,0.4016274745750703
2019-01-18 00:00:00+00:00,0.3901995072374117,0.49856157812569585,0.6685443132494884,0.16461152890527309
2019-01-22 00:00:00+00:00,0.47214334795717094,0.488526364173874,0.007981916967158,0.9207560817400612
2019-01-23 00:00:00+00:00,,,,
2019-01-24 00:00:00+00:00,0.23364477593471086,0.5913363985431103,0.22245781186211352,0.2533432090276615
2019-01-25 00:00:00+00:00,0.006656807381659,0.269350498914718,,
2019-01-28 00:00:00+00:00,0.6428790752373361,0.3127676181235675,0.5506408843575624,0.3385109596092656
2019-01-29 00:00:00+00:00,0.1764150594131525,0.5654449342651379,0.13592852532747146,0.44452961819964265
2019-01-30 00:00:00+00:00,,,,
2019-01-31 00:00:00+00:00,0.5533455813638279,0.3749842679490026,0.8394636916429067,0.1579629372073599
2019-02-01 00:00:00+00:00,0.24732989622498253,0.4225504895475748,,
2019-02-04 00:00:00+00:00,0.5806793414198583,0.273780030483774,0.37090920176706244,0.36543153324237154
2019-02-05 00:00:00+00:00,0.6067111413408142,0.21826269976659882,0.4487402399208801,0.3008420125133848
2019-02-06 00:00:00+00:00,0.5909434117947235,0.16658191608264988,0.4447121696785967,0.350496741671425
2019-02-07 00:00:00+00:00,0.38417489692134604,0.38849052586404725,0.2943715814139323,0.3330736431598775
2019-02-08 00:00:00+00:00,0.3065720235615072,0.3538572402777266,0.3758535996676068,0.3758536710811308
2019-02-11 00:00:00+00:00,0.25075464864494224,0.7489252094383113,0.33371553480780336,0.6659655774904721
2019-02-12 00:00:00+00:00,,,,
2019-02-13 00:00:00+00:00,0.5492416261022295,0.20163530759964454,0.9981989264488221,0.000385233579436
2019-02-14 00:00:00+00:00,0.25192116439263473,0.46269645041840146,0.23812594753204966,0.42648572769151794
2019-02-15 00:00:00+00:00,0.42584280623123005,0.207830931571758,0.016272947192192,0.0008122715516940001
2019-02-19 00:00:00+00:00,0.4584145494288976,0.5243962042732158,0.4969905233010645,0.49899825906322753
2019-02-20 00:00:00+00:00,0.5512353893233616,0.30710616549468867,0.4729701991374085,0.3796458954481444
2019-02-21 00:00:00+00:00,,,,
2019-02-22 00:00:00+00:00,,,,
2019-02-25 00:00:00+00:00,0.1744362906320015,0.0416586129431375,,
2019-02-26 00:00:00+00:00,0.9986962676048271,0.000423223740654,,
2019-02-27 00:00:00+00:00,0.915521264076232,0.001086378586478,0.915521264076232,0.001086378586478
2019-02-28 00:00:00+00:00,0.9381694197654721,0.00072403420927,0.9381694197654721,0.00072403420927
2019-03-01 00:00:00+00:00,0.0030816716607660003,0.000168604368809,,
2019-03-04 00:00:00+00:00,0.9992313385009761,0.000287583941826,,
2019-03-05 00:00:00+00:00,0.46832346181812023,0.358017763453972,0.0013723933952855,0.499114745591214
2019-03-06 00:00:00+00:00,0.5638552724703912,0.1383641673188922,0.9497024297714234,0.040416767267742404
2019-03-07 00:00:00+00:00,0.6684553868706435,0.2626415391666035,0.9986514449119561,0.001013359229546
2019-03-08 00:00:00+00:00,0.38799383784644265,0.2080672872689314,0.999444186687469,0.00023765073274200003
2019-03-11 00:00:00+00:00,0.43512117398495265,0.20124175012824652,0.50528875751479,0.00074017071892675
2019-03-12 00:00:00+00:00,0.17395682516507752,0.6341131083376236,0.003336502161497334,0.951695024967193
2019-03-13 00:00:00+00:00,0.5809981643410119,0.1186283183600274,0.8041193554443968,0.13751732098795116
2019-03-14 00:00:00+00:00,0.3724667533970201,0.3868668986451662,0.9996788501739501,0.000232255886658
2019-03-15 00:00:00+00:00,0.0021624846849585,0.830699950456619,0.00211074668914,0.9942129254341121
2019-03-18 00:00:00+00:00,,,,
2019-03-19 00:00:00+00:00,0.9995868206024165,0.0001719971769485,0.9994959831237791,0.000162427706527
2019-03-20 00:00:00+00:00,,,,
2019-03-21 00:00:00+00:00,0.54341035336256,0.008032925106817001,0.998162448406219,0.000284058332908
2019-03-22 00:00:00+00:00,0.902917146682739,0.095986761152744,0.902917146682739,0.095986761152744
2019-03-25 00:00:00+00:00,0.999419450759887,0.000271511060418,0.999419450759887,0.000271511060418
2019-03-26 00:00:00+00:00,0.9864341020584101,0.003179167164489,0.9864341020584101,0.003179167164489
2019-03-27 00:00:00+00:00,0.9995682835578911,0.000220767484279,0.9995682835578911,0.000220767484279
2019-03-28 00:00:00+00:00,0.999305248260498,0.00042908728937600003,,
2019-03-29 00:00:00+00:00,,,,
2019-04-01 00:00:00+00:00,0.500110733672045,0.49829003588820303,,
2019-04-02 00:00:00+00:00,,,,
2019-04-03 00:00:00+00:00,0.9586207270622251,0.0037490751128640004,0.9586207270622251,0.0037490751128640004
2019-04-04 00:00:00+00:00,0.44526933213152564,0.32245255682856677,0.25250185058393926,0.2561701768463533
2019-04-05 00:00:00+00:00,0.19903274785028743,0.5988363230251702,0.49611464046756704,0.4995897087792395
2019-04-08 00:00:00+00:00,0.5005244434578341,0.49731824882474,,
2019-04-09 00:00:00+00:00,0.502571845070633,0.10428294121011235,0.43229504557218273,0.14850184497377694
2019-04-10 00:00:00+00:00,0.5365840461136853,0.31598232725280595,0.7913463437231253,0.1994214934267798
2019-04-11 00:00:00+00:00,0.3135580566288096,0.35482580630923566,0.8987475633621211,0.0985539878747655
2019-04-12 00:00:00+00:00,0.11188109645445328,0.385440724887303,9.250003495253624e-05,0.00026986558805200004
2019-04-15 00:00:00+00:00,,,,
2019-04-16 00:00:00+00:00,0.13009019591845503,0.000470740516902,0.13009019591845503,0.000470740516902
2019-04-17 00:00:00+00:00,0.998048782348632,0.0005123689770690001,0.998048782348632,0.0005123689770690001
2019-04-18 00:00:00+00:00,,,,
2019-04-22 00:00:00+00:00,0.9993271827697751,0.00040208981954400005,,
2019-04-23 00:00:00+00:00,0.1021932544535955,0.5011976934038095,0.203232243657112,0.004247064702212
2019-04-24 00:00:00+00:00,0.6661559836356897,0.33280798026923203,,
2019-04-25 00:00:00+00:00,0.9995895028114311,0.00031142032821600003,,
2019-04-26 00:00:00+00:00,,,,
2019-04-29 00:00:00+00:00,,,,
2019-04-30 00:00:00+00:00,0.45458543944793367,0.09460804394135801,,
2019-05-01 00:00:00+00:00,0.9996919631958001,0.00022344152966900002,0.9996919631958001,0.00022344152966900002
2019-05-02 00:00:00+00:00,0.9994837045669551,0.00026748562231600003,,
2019-05-03 00:00:00+00:00,,,,
2019-05-06 00:00:00+00:00,0.21164938227351068,0.000436912307729049,0.0037829341890750004,0.0001452665565010734
2019-05-07 00:00:00+00:00,0.9865347743034361,0.00038308504736,0.9865347743034361,0.00038308504736
2019-05-08 00:00:00+00:00,0.999668836593627,0.000267186114797,0.999668836593627,0.000267186114797
2019-05-09 00:00:00+00:00,0.861233055591583,0.12466510385274801,0.861233055591583,0.12466510385274801
2019-05-10 00:00:00+00:00,0.0007256923126980001,0.9980750083923341,,
2019-05-13 00:00:00+00:00,0.005314167375520334,0.6651860391042037,0.007095362030667501,0.49927927776298003
2019-05-14 00:00:00+00:00,0.000359540368663,0.000824285903945,,
2019-05-15 00:00:00+00:00,0.5481860265135761,0.00046911395474950006,0.096762880682945,0.0007038444164200001
2019-05-16 00:00:00+00:00,0.7655907555151942,0.23085360778853825,0.8277294066986842,0.16673429854563385
2019-05-17 00:00:00+00:00,0.250853902238304,0.7483655663381793,0.002369762863963,0.9956639409065241
2019-05-20 00:00:00+00:00,0.33635710328429264,0.5935020589298797,0.4003227070556016,0.5984266024344829
2019-05-21 00:00:00+00:00,0.21913105277732595,0.2994702690416787,0.45026026113191603,0.3261946365855685
2019-05-22 00:00:00+00:00,0.12213099232641929,0.6294053182657805,0.12733237300562864,0.6245961059103133
2019-05-23 00:00:00+00:00,0.46570151033035107,0.33429960830302013,0.4944678548490623,0.265915592499368
2019-05-24 00:00:00+00:00,0.27031671447912203,0.7273398737112676,0.00138744758442,0.9951283931732171
2019-05-28 00:00:00+00:00,0.42896957102824285,0.39178767494608563,0.45152841130038673,0.5087552678790715
2019-05-29 00:00:00+00:00,0.37013290771706503,0.3155641323656621,0.03612818615511051,0.4995128598093285
2019-05-30 00:00:00+00:00,0.0869147355454815,0.6336005444488058,0.172658573001778,0.27917236390931005
2019-05-31 00:00:00+00:00,0.33413734469407497,0.48296861158451043,,
2019-06-03 00:00:00+00:00,0.38937761341139737,0.20548562861495112,0.5095051362877707,0.11084704760934133
2019-06-04 00:00:00+00:00,0.051829694188199,0.0007836487420715,0.0006071447860440001,0.00012992623669500001
2019-06-05 00:00:00+00:00,0.001431114855222,0.0005319064948700001,0.001431114855222,0.0005319064948700001
2019-06-06 00:00:00+00:00,,,,
2019-06-07 00:00:00+00:00,0.038876587583217506,0.48846991010941554,0.001137610641308,0.973751366138458
2019-06-10 00:00:00+00:00,0.001143359113484,0.0005324595840640001,0.001143359113484,0.0005324595840640001
2019-06-11 00:00:00+00:00,,,,
2019-06-12 00:00:00+00:00,,,,
2019-06-13 00:00:00+00:00,,,,
2019-06-14 00:00:00+00:00,,,,
2019-06-17 00:00:00+00:00,,,,
2019-06-18 00:00:00+00:00,,,,
2019-06-19 00:00:00+00:00,,,,
2019-06-20 00:00:00+00:00,,,,
2019-06-21 00:00:00+00:00,,,,
2019-06-24 00:00:00+00:00,,,,
2019-06-25 00:00:00+00:00,,,,
2019-06-26 00:00:00+00:00,,,,
2019-06-27 00:00:00+00:00,,,,
2019-06-28 00:00:00+00:00,,,,
2019-07-01 00:00:00+00:00,0.9990456700325011,0.00025719508994300004,0.9990456700325011,0.00025719508994300004
2019-07-02 00:00:00+00:00,,,,
2019-07-03 00:00:00+00:00,0.002589687336390834,0.48194590801237264,0.0008224640041585001,0.9982343614101405
2019-07-05 00:00:00+00:00,,,,
2019-07-08 00:00:00+00:00,0.001082407194189,0.998345851898193,,
2019-07-09 00:00:00+00:00,0.9984115362167351,0.0006054588593540001,,
2019-07-10 00:00:00+00:00,,,,
2019-07-11 00:00:00+00:00,,,,
2019-07-12 00:00:00+00:00,,,,
2019-07-15 00:00:00+00:00,,,,
2019-07-16 00:00:00+00:00,,,,
2019-07-17 00:00:00+00:00,,,,
2019-07-18 00:00:00+00:00,,,,
2019-07-19 00:00:00+00:00,,,,
2019-07-22 00:00:00+00:00,0.998065292835235,0.001562445424497,0.998065292835235,0.001562445424497
2019-07-23 00:00:00+00:00,0.9228918254375456,0.010381104279076002,,
2019-07-24 00:00:00+00:00,0.47151611118377773,0.28787497428545156,0.10091955959796835,0.33812587335705707
2019-07-25 00:00:00+00:00,0.5229336954580499,0.28517184958945974,0.7504438568139445,0.10092684295159375
2019-07-26 00:00:00+00:00,0.5999128426832608,0.19976422619656647,0.9991550445556641,0.0006679043872280001
2019-07-29 00:00:00+00:00,0.6704454564799861,0.329167671715064,0.999597012996673,0.00028778272098800003
2019-07-30 00:00:00+00:00,0.3999388079668277,0.000213324425567112,,
2019-07-31 00:00:00+00:00,0.4164925178068054,0.5078533641998153,0.2542782947130031,0.738508977969104
2019-08-01 00:00:00+00:00,0.3937486470163357,0.36514562778243315,0.3229811931378208,0.4995913952188853
2019-08-02 00:00:00+00:00,0.0064419888192784,0.5510290662467012,0.0016598217480347502,0.6886935041402465
2019-08-05 00:00:00+00:00,,,,
2019-08-06 00:00:00+00:00,0.0017617749205473335,0.9880044261614477,,
2019-08-07 00:00:00+00:00,0.5994596330473235,0.33237216920048585,0.9976801425218578,0.0021550007877515005
2019-08-08 00:00:00+00:00,0.986762583255767,0.013050550594925001,0.986762583255767,0.013050550594925001
2019-08-09 00:00:00+00:00,0.384092015870919,0.00043335346344938096,0.5121010993219284,0.0005580725943820001
2019-08-12 00:00:00+00:00,,,,
2019-08-13 00:00:00+00:00,0.0011277047451580002,0.984421372413635,,
2019-08-14 00:00:00+00:00,0.004242320164588671,0.6162534269949117,0.008213036526285345,0.49122405566595223
2019-08-15 00:00:00+00:00,0.4638738509417562,0.30133166949291523,0.5120577774941916,0.440486906751175
2019-08-16 00:00:00+00:00,0.50087427382823,0.0039480331179215,0.50087427382823,0.0039480331179215
2019-08-19 00:00:00+00:00,0.6095930920855606,0.0034039550810115622,,
2019-08-20 00:00:00+00:00,0.41565457941260264,0.22124254331401944,0.6875941129858667,0.14475896724927972
2019-08-21 00:00:00+00:00,0.4489058127718714,0.18844756753572786,0.6667348507714145,0.332057362107055
2019-08-22 00:00:00+00:00,0.000343122897902,0.0004589053532978014,,
2019-08-23 00:00:00+00:00,,,,
2019-08-26 00:00:00+00:00,0.4591473666247714,0.3747216537109728,0.377272200770676,0.621261104941368
2019-08-27 00:00:00+00:00,7.101662777131423e-05,0.000134447254822,,
2019-08-28 00:00:00+00:00,,,,
2019-08-29 00:00:00+00:00,,,,
2019-08-30 00:00:00+00:00,0.2506525772623715,0.742632001638412,0.2506525772623715,0.742632001638412
2019-09-03 00:00:00+00:00,0.5294167762001352,0.1436026800477214,0.618520727418151,0.1053311540798111
2019-09-04 00:00:00+00:00,0.9996999502182001,0.000203974923351,0.9996999502182001,0.000203974923351
2019-09-05 00:00:00+00:00,0.0025526309036645,0.499304335604392,0.0025526309036645,0.499304335604392
2019-09-06 00:00:00+00:00,0.3697105608880517,0.230564341686355,0.520272551104426,0.34564403175318104
2019-09-09 00:00:00+00:00,0.37390881776809604,0.000984162325039,,
2019-09-10 00:00:00+00:00,,,,
2019-09-11 00:00:00+00:00,,,,
2019-09-12 00:00:00+00:00,,,,
2019-09-13 00:00:00+00:00,,,,
2019-09-16 00:00:00+00:00,,,,
2019-09-17 00:00:00+00:00,,,,
2019-09-18 00:00:00+00:00,,,,
2019-09-19 00:00:00+00:00,,,,
2019-09-20 00:00:00+00:00,0.5870540738105771,0.000698190473485,0.5870540738105771,0.000698190473485
2019-09-23 00:00:00+00:00,,,,
2019-09-24 00:00:00+00:00,,,,
2019-09-25 00:00:00+00:00,,,,
2019-09-26 00:00:00+00:00,,,,
2019-09-27 00:00:00+00:00,,,,
2019-09-30 00:00:00+00:00,,,,
2019-10-01 00:00:00+00:00,,,,
2019-10-02 00:00:00+00:00,,,,
2019-10-03 00:00:00+00:00,0.49933710372715684,0.15537387251970322,0.6663669665964937,0.0002128541673296667
2019-10-04 00:00:00+00:00,,,,
2019-10-07 00:00:00+00:00,,,,
2019-10-08 00:00:00+00:00,0.291945129632949,0.0006446938496080001,0.291945129632949,0.0006446938496080001
2019-10-09 00:00:00+00:00,0.000765313423471,0.018339001275307503,0.00048223807243600003,0.00021478287817400002
2019-10-10 00:00:00+00:00,,,,
2019-10-11 00:00:00+00:00,,,,
2019-10-14 00:00:00+00:00,,,,
2019-10-15 00:00:00+00:00,,,,
2019-10-16 00:00:00+00:00,,,,
2019-10-17 00:00:00+00:00,0.9993504881858821,0.00030878922552800004,0.9993504881858821,0.00030878922552800004
2019-10-18 00:00:00+00:00,,,,
2019-10-21 00:00:00+00:00,,,,
2019-10-22 00:00:00+00:00,,,,
2019-10-23 00:00:00+00:00,,,,
2019-10-24 00:00:00+00:00,,,,
2019-10-25 00:00:00+00:00,0.020142197608947,0.12909641861915502,,
2019-10-28 00:00:00+00:00,0.7500433246605094,0.24967529030982352,0.9988679885864256,0.0007584125560235
2019-10-29 00:00:00+00:00,0.47478282783413256,0.49218369580921656,0.0201249785022805,0.9791675806045526
2019-10-30 00:00:00+00:00,0.3380584062567015,0.46083462400808123,0.33355197129033765,0.33258541329026525
2019-10-31 00:00:00+00:00,0.34114958969197023,0.48410544141734085,0.6661458447730787,0.16782762896521733
2019-11-01 00:00:00+00:00,0.4483186751701087,0.42171670960912366,0.5530298157148833,0.28006913770514036
2019-11-04 00:00:00+00:00,0.7140720144591545,0.10331905930863901,0.5761363564857411,0.16181190808752643
2019-11-05 00:00:00+00:00,0.3379026214905829,0.42258980465703605,0.3247967414624453,0.21095534336304114
2019-11-06 00:00:00+00:00,0.5291466811578717,0.42218817851738977,0.40115143302245954,0.5924030428577678
2019-11-07 00:00:00+00:00,0.6079483473117252,0.2804810136642315,0.8662333620919117,0.13302996573879133
2019-11-08 00:00:00+00:00,0.5531867369556691,0.4455060189874424,0.201768998720217,0.7960700260242441
2019-11-11 00:00:00+00:00,0.45062353940556893,0.12177657931897505,0.29482115276914506,0.2313402760822401
2019-11-12 00:00:00+00:00,0.4153714234374393,0.4884375224867952,0.6572921797245117,0.332383285315396
2019-11-13 00:00:00+00:00,0.5282319488003847,0.27020177513419125,0.5075298207050832,0.27064929358535755
2019-11-14 00:00:00+00:00,0.44719276882824455,0.33559344653968676,0.35533965406648305,0.47753278192734167
2019-11-15 00:00:00+00:00,0.740618889033794,0.15350921048084235,0.34269673128922706,0.31395594271210264
2019-11-18 00:00:00+00:00,0.45798749194000227,0.37381053743501924,0.25592839911405424,0.49919141812279083
2019-11-19 00:00:00+00:00,0.35084192895446864,0.3358854798614626,0.279910679628797,0.4112553947277109
2019-11-20 00:00:00+00:00,0.732312419094766,0.19997059938129133,0.7595219523063858,0.12483261031593376
2019-11-21 00:00:00+00:00,0.5004416687006593,0.49843885683731004,,
2019-11-22 00:00:00+00:00,,,,
2019-11-25 00:00:00+00:00,0.9282744526863089,0.031135128481158,,
2019-11-26 00:00:00+00:00,0.8003661270020525,0.19473153858561942,0.9995725154876706,0.00032832851866200003
2019-11-27 00:00:00+00:00,0.37205585265473895,0.45440671376531466,0.062186796206515,0.5557697220530823
2019-11-29 00:00:00+00:00,,,,
2019-12-02 00:00:00+00:00,,,,
2019-12-03 00:00:00+00:00,0.17628672822926658,0.09015336226972637,0.16959040349805302,0.0999743737969156
2019-12-04 00:00:00+00:00,0.004341272637248,0.678672134876251,,
2019-12-05 00:00:00+00:00,0.014757324941456,0.001419559470377,0.014757324941456,0.001419559470377
2019-12-06 00:00:00+00:00,0.5189691535197195,0.0014412873788382501,0.9762568771839141,0.00030395999056000004
2019-12-09 00:00:00+00:00,0.4997924944618715,0.027866823307703504,0.000591055722907,0.055466964840888006
2019-12-10 00:00:00+00:00,,,,
2019-12-11 00:00:00+00:00,0.0010185685241590001,0.000107485720945,,
2019-12-12 00:00:00+00:00,0.002577762352302,0.00016549650172200002,0.002577762352302,0.00016549650172200002
2019-12-13 00:00:00+00:00,,,,
2019-12-16 00:00:00+00:00,,,,
2019-12-17 00:00:00+00:00,,,,
2019-12-18 00:00:00+00:00,,,,
2019-12-19 00:00:00+00:00,,,,
2019-12-20 00:00:00+00:00,0.000696703908033,0.502078730612993,0.0007196346414270001,0.005833603441715
2019-12-23 00:00:00+00:00,0.41657628811016223,0.10366816127983179,0.2533806223655115,0.23162124960799652
2019-12-24 00:00:00+00:00,0.00147151335841,0.11484318261500401,0.00147151335841,0.11484318261500401
2019-12-26 00:00:00+00:00,0.501768798756529,0.0003380687194290373,0.9996094107627861,0.00021538046712500002
2019-12-27 00:00:00+00:00,0.21969438812811806,0.13871848017983443,0.0042951660725515,0.47821603975535254
2019-12-30 00:00:00+00:00,0.6968356404184302,0.0003190104136586606,0.9902454614639278,0.00033293549980300006
2019-12-31 00:00:00+00:00,,,,
2020-01-02 00:00:00+00:00,0.41593948310401146,0.1323884096484102,0.27682459851202984,0.2635181298159288
2020-01-03 00:00:00+00:00,0.3622792128894198,0.13260670811040134,0.3220280900546635,0.17568980135983975
2020-01-06 00:00:00+00:00,0.22149332854986284,0.14171827549692392,0.35413867599709153,0.005540148657018625
2020-01-07 00:00:00+00:00,0.29961985864307833,0.13121552150841997,0.34782200306653904,0.065094402840865
2020-01-08 00:00:00+00:00,0.6834778453476241,0.06048480848676213,0.7014530433865722,0.0905881086291624
2020-01-09 00:00:00+00:00,0.449028031687382,0.0555809700591074,0.5193930628474014,0.013957018981851284
2020-01-10 00:00:00+00:00,0.2647285759449,0.0007274356903500001,,
2020-01-13 00:00:00+00:00,,,,
2020-01-14 00:00:00+00:00,0.5445763323853797,0.0012989707368731669,0.7528177797794338,0.0005712075799233334
2020-01-15 00:00:00+00:00,0.09520842228084751,0.000599666818743,0.020632656291127,0.000547186180483
2020-01-16 00:00:00+00:00,0.5020857190902457,0.2344794638447634,0.5013618096709246,0.46428943914361254
2020-01-17 00:00:00+00:00,0.5693926960031436,0.16396180048666914,0.38612073811236725,0.450209309798083
2020-01-21 00:00:00+00:00,0.6671401229687031,0.003763725806492667,,
2020-01-22 00:00:00+00:00,0.5695002721389752,0.07860081362014126,0.6339692149882793,0.09010732250052612
2020-01-23 00:00:00+00:00,0.32110599468392603,0.11237430769162682,0.3112302765672208,0.012849004633608099
2020-01-24 00:00:00+00:00,0.2629377693131872,0.3650640737638844,0.1336345319286915,0.5631085261702535
2020-01-27 00:00:00+00:00,0.5567567977424391,0.04275513932433137,0.5367921393364664,0.11776111604704001
2020-01-28 00:00:00+00:00,0.5326271482972511,0.16733640210380404,0.49899856228633604,0.1664022131008092
2020-01-29 00:00:00+00:00,0.544251601773794,0.13071420094820452,0.4032513791375091,0.19996653273410583
2020-01-30 00:00:00+00:00,0.001078763511031,0.998295247554779,0.001078763511031,0.998295247554779
2020-01-31 00:00:00+00:00,0.055607218295335006,0.0014107029419390001,0.055607218295335006,0.0014107029419390001
2020-02-03 00:00:00+00:00,0.33463980012980704,0.1763813590552305,0.18002646486066956,0.3130181729450535
2020-02-04 00:00:00+00:00,0.8020077042281624,0.1968754320958392,0.99522864818573,0.00026385940145700004
2020-02-05 00:00:00+00:00,0.0003781968262040001,0.00016776443953810962,,
2020-02-06 00:00:00+00:00,0.2543588787884796,0.3752407437968937,0.0008658763254060001,0.9283027648925781
2020-02-07 00:00:00+00:00,0.4539545710229298,0.0029314130038574793,0.5643600653784229,0.0025689809730721873
2020-02-10 00:00:00+00:00,0.07108693524496561,0.19479992612323221,0.1637641694396725,0.0011980216077060002
2020-02-11 00:00:00+00:00,0.6000067574321288,0.0028381326701486017,0.6002942339575378,0.0001883728895332035
2020-02-12 00:00:00+00:00,0.5405259430020422,0.12946709117677485,0.47291136794956357,0.14263960969193587
2020-02-13 00:00:00+00:00,0.44713054195365276,0.11353506179812381,0.4429565163460206,0.0344509215196009
2020-02-14 00:00:00+00:00,0.34007950489649336,0.08791330367057486,0.7517293544951823,0.004498011163377
2020-02-18 00:00:00+00:00,0.3161080590881668,0.006271448874030572,0.9996433258056641,0.000188882637303
2020-02-19 00:00:00+00:00,0.5279372513468841,0.24923710471921323,0.5557054877281186,0.0007288175111165001
2020-02-20 00:00:00+00:00,0.005169718875549,0.49293302744626954,,
2020-02-21 00:00:00+00:00,0.5698811845245975,0.11103539277408099,0.99920243024826,0.0002206128701795
2020-02-24 00:00:00+00:00,0.41452609366024223,0.08316588981627575,0.5810800137929617,0.0003028471401188
2020-02-25 00:00:00+00:00,0.39952541518141454,0.1843757481813854,0.25139746683271325,0.26216985021528627
2020-02-26 00:00:00+00:00,0.5953706420681553,0.05076054076016549,0.6933477475802643,0.00033094131140346244
2020-02-27 00:00:00+00:00,0.4950832252434333,0.18175268758568525,0.9788544178009031,0.000613665790297
2020-02-28 00:00:00+00:00,0.0011599026329345708,0.12677584165066902,6.59035868011415e-05,0.00015094029367900002
2020-03-02 00:00:00+00:00,0.5395315090360008,0.1509039519839388,0.5388345192186528,0.0008031834659047501
2020-03-03 00:00:00+00:00,0.36565014963138187,0.20998630392505577,0.40417771819325393,0.09379340269846213
2020-03-04 00:00:00+00:00,0.4979918411601826,0.06197068291876305,0.49581382432916105,0.24649334208515902
2020-03-05 00:00:00+00:00,0.19604595596319954,0.45269119448494105,0.000625839864369,0.502690182765945
2020-03-06 00:00:00+00:00,0.4055652504252703,0.16083523962109122,0.336411107597606,0.004216496969872143
2020-03-09 00:00:00+00:00,,,,
2020-03-10 00:00:00+00:00,,,,
2020-03-11 00:00:00+00:00,0.38967307281369906,0.07408741988134912,0.17751089130373002,0.1758273763080065
2020-03-12 00:00:00+00:00,,,,
2020-03-13 00:00:00+00:00,0.2909034070034974,0.04976686334986028,0.311002325981722,0.11543026951091714
2020-03-16 00:00:00+00:00,0.7499782337399661,0.00016298258014979045,0.6668125846190374,0.00015459184699738728
2020-03-17 00:00:00+00:00,,,,
2020-03-18 00:00:00+00:00,0.2800226031000555,0.3061101436004926,0.32805590907446414,0.29873213360988277
2020-03-19 00:00:00+00:00,0.337868503547118,0.006955980459072334,0.998809218406677,0.00023938258527700002
2020-03-20 00:00:00+00:00,0.33315333181914525,0.16425947650083433,0.5882642558019141,0.19781987798633005
2020-03-23 00:00:00+00:00,0.30668778545623304,0.002089399910800993,0.00024773197219400006,7.35707399144303e-05
2020-03-24 00:00:00+00:00,0.9950695037841791,0.001136579900048,,
2020-03-25 00:00:00+00:00,0.639999362923325,0.0712755517420837,0.8319161979403965,0.16554595594789087
2020-03-26 00:00:00+00:00,0.392454592569265,0.49518652237020355,,
2020-03-27 00:00:00+00:00,,,,
2020-03-30 00:00:00+00:00,0.4939059296557386,0.00020377958026019662,0.9995629191398621,0.00022061391791700002
2020-03-31 00:00:00+00:00,,,,
2020-04-01 00:00:00+00:00,0.7075684372781925,0.0008896940247111667,,
2020-04-02 00:00:00+00:00,0.3376140387263144,0.33208212880708704,0.505865862127393,0.49358241591107754
2020-04-03 00:00:00+00:00,,,,
2020-04-06 00:00:00+00:00,,,,
2020-04-07 00:00:00+00:00,,,,
2020-04-08 00:00:00+00:00,,,,
2020-04-09 00:00:00+00:00,,,,
2020-04-13 00:00:00+00:00,0.37643066679690146,0.2771245427769216,0.26250345158769006,0.3666640748215282
2020-04-14 00:00:00+00:00,0.25068382998870176,0.4987278721255275,0.0011357675733350001,0.6647682071416053
2020-04-15 00:00:00+00:00,,,,
2020-04-16 00:00:00+00:00,0.4636575830948207,0.18160607139262408,0.9989957213401791,0.000952712085563
2020-04-17 00:00:00+00:00,0.500162130047101,0.49888760241446956,,
2020-04-20 00:00:00+00:00,0.5475943725193952,0.3382800388159616,0.33452961661775266,0.33524840606454104
2020-04-21 00:00:00+00:00,0.00058269361034,0.9983935952186581,0.00058269361034,0.9983935952186581
2020-04-22 00:00:00+00:00,,,,
2020-04-23 00:00:00+00:00,,,,
2020-04-24 00:00:00+00:00,,,,
2020-04-27 00:00:00+00:00,0.999361217021942,0.000360367295797,0.999361217021942,0.000360367295797
2020-04-28 00:00:00+00:00,,,,
2020-04-29 00:00:00+00:00,,,,
2020-04-30 00:00:00+00:00,0.9996836185455321,0.00025693947100000004,0.9996836185455321,0.00025693947100000004
2020-05-01 00:00:00+00:00,,,,
2020-05-04 00:00:00+00:00,,,,
2020-05-05 00:00:00+00:00,,,,
2020-05-06 00:00:00+00:00,0.9007874131202696,0.0004965245025225001,0.9007874131202696,0.0004965245025225001
2020-05-07 00:00:00+00:00,,,,
2020-05-08 00:00:00+00:00,0.000157943111844,9.076173591893168e-05,0.000157943111844,9.076173591893168e-05
2020-05-11 00:00:00+00:00,,,,
2020-05-12 00:00:00+00:00,0.019072644412517003,0.000320095627103,0.019072644412517003,0.000320095627103
2020-05-13 00:00:00+00:00,,,,
2020-05-14 00:00:00+00:00,,,,
2020-05-15 00:00:00+00:00,,,,
2020-05-18 00:00:00+00:00,,,,
2020-05-19 00:00:00+00:00,0.48392596445046304,0.016936076674028,0.48392596445046304,0.016936076674028
2020-05-20 00:00:00+00:00,,,,
2020-05-21 00:00:00+00:00,,,,
2020-05-22 00:00:00+00:00,,,,
2020-05-26 00:00:00+00:00,0.9996511936187741,0.000183717085747,0.9996511936187741,0.000183717085747
2020-05-27 00:00:00+00:00,0.9996029734611511,0.00030219610198400004,,
2020-05-28 00:00:00+00:00,,,,
2020-05-29 00:00:00+00:00,,,,
2020-06-01 00:00:00+00:00,,,,
2020-06-02 00:00:00+00:00,0.9859011769294737,0.011802602311945002,0.9992880225181581,0.00027057665283700003
2020-06-03 00:00:00+00:00,,,,
2020-06-04 00:00:00+00:00,,,,
2020-06-05 00:00:00+00:00,0.08666418492794001,0.010536161251366001,,
2020-06-08 00:00:00+00:00,0.9995707273483276,0.0003552896814645,0.9995707273483276,0.0003552896814645
2020-06-09 00:00:00+00:00,,,,
2020-06-10 00:00:00+00:00,0.007054468151181,0.000167397869518,0.007054468151181,0.000167397869518
2020-06-11 00:00:00+00:00,0.9994958639144891,0.000225274212425,0.9994958639144891,0.000225274212425
2020-06-12 00:00:00+00:00,0.0199461149459235,0.470101430943032,0.0199461149459235,0.470101430943032
2020-06-15 00:00:00+00:00,,,,
2020-06-16 00:00:00+00:00,,,,
2020-06-17 00:00:00+00:00,0.0015507995849470002,0.070641808211803,0.0015507995849470002,0.070641808211803
2020-06-18 00:00:00+00:00,0.00010898097389100001,9.235485777026044e-05,0.00010898097389100001,9.235485777026044e-05
2020-06-19 00:00:00+00:00,0.004723850943264,0.351657883787993,0.004723850943264,0.351657883787993
2020-06-22 00:00:00+00:00,0.8021724427429334,0.00046422664551416673,0.9589184671640391,0.00048687222806575
2020-06-23 00:00:00+00:00,0.33594625598440503,0.33163163187176264,0.99964952468872,0.000208832992939
2020-06-24 00:00:00+00:00,0.5367280473001301,0.34938318034013066,0.5367280473001301,0.34938318034013066
2020-06-25 00:00:00+00:00,0.6620033828852073,0.32188595952660104,0.6536877679949001,0.31745001896827735
2020-06-26 00:00:00+00:00,0.44311001849515935,0.46012327217516297,0.33456810244307295,0.513593272424057
2020-06-29 00:00:00+00:00,0.6169818157844319,0.38186612747692034,0.5004657203098756,0.49801022173051
2020-06-30 00:00:00+00:00,0.08761362325943352,0.8080867950066017,0.011636135866865,0.91509273648262
2020-07-01 00:00:00+00:00,0.5328327035198783,0.2887792798116732,0.353849105769768,0.45168472558725553
2020-07-02 00:00:00+00:00,0.6056857830800039,0.22890945695018208,0.9994503557682031,0.000378125943825
2020-07-06 00:00:00+00:00,0.6078941299314866,0.1471694729714521,0.7515511858509851,0.2476110121278905
2020-07-07 00:00:00+00:00,0.4096625856836903,0.4418223291650061,0.4824066077708264,0.3220443759346375
2020-07-08 00:00:00+00:00,0.49776476242186585,0.44259890513876543,0.33037472177723687,0.6658386508740168
2020-07-09 00:00:00+00:00,0.578580495411491,0.3219529134548789,0.503347101272083,0.46424841141561024
2020-07-10 00:00:00+00:00,0.38136352114088323,0.4927689238611488,0.025713439099490004,0.48149982404720454
2020-07-13 00:00:00+00:00,,,,
2020-07-14 00:00:00+00:00,,,,
2020-07-15 00:00:00+00:00,0.9985376596450801,0.000195038606761,0.9985376596450801,0.000195038606761
2020-07-16 00:00:00+00:00,,,,
2020-07-17 00:00:00+00:00,,,,
2020-07-20 00:00:00+00:00,,,,
2020-07-21 00:00:00+00:00,,,,
2020-07-22 00:00:00+00:00,0.9796818494796751,0.0019126866245640002,,
2020-07-23 00:00:00+00:00,,,,
2020-07-24 00:00:00+00:00,,,,
2020-07-27 00:00:00+00:00,0.9996626377105711,0.000227871831157,,
2020-07-28 00:00:00+00:00,0.000805612886324,0.9986389279365541,,
2020-07-29 00:00:00+00:00,,,,
2020-07-30 00:00:00+00:00,,,,
2020-07-31 00:00:00+00:00,,,,
2020-08-03 00:00:00+00:00,,,,
2020-08-04 00:00:00+00:00,,,,
2020-08-05 00:00:00+00:00,,,,
2020-08-06 00:00:00+00:00,,,,
2020-08-07 00:00:00+00:00,,,,
2020-08-10 00:00:00+00:00,0.9996721148490901,0.00023835211322850003,0.9996529817581171,0.00023126347514300003
2020-08-11 00:00:00+00:00,,,,
2020-08-12 00:00:00+00:00,,,,
2020-08-13 00:00:00+00:00,,,,
2020-08-14 00:00:00+00:00,,,,
2020-08-17 00:00:00+00:00,,,,
2020-08-18 00:00:00+00:00,,,,
2020-08-19 00:00:00+00:00,0.9992651343345641,0.000348794244928,0.9992651343345641,0.000348794244928
2020-08-20 00:00:00+00:00,,,,
2020-08-21 00:00:00+00:00,,,,
2020-08-24 00:00:00+00:00,,,,
2020-08-25 00:00:00+00:00,,,,
2020-08-26 00:00:00+00:00,0.06188410148024501,0.00038669520290500004,,
2020-08-27 00:00:00+00:00,,,,
2020-08-28 00:00:00+00:00,,,,
2020-08-31 00:00:00+00:00,0.756239235401153,0.0032995892688630003,,
2020-09-01 00:00:00+00:00,,,,
2020-09-02 00:00:00+00:00,,,,
2020-09-03 00:00:00+00:00,,,,
2020-09-04 00:00:00+00:00,0.008846509270370001,0.00027944528847,0.008846509270370001,0.00027944528847
2020-09-08 00:00:00+00:00,,,,
2020-09-09 00:00:00+00:00,,,,
2020-09-10 00:00:00+00:00,,,,
2020-09-11 00:00:00+00:00,,,,
2020-09-14 00:00:00+00:00,0.9994934797286981,0.00029615056701,0.9994934797286981,0.00029615056701
2020-09-15 00:00:00+00:00,,,,
2020-09-16 00:00:00+00:00,0.9995408058166501,0.00035736893187200003,,
2020-09-17 00:00:00+00:00,,,,
2020-09-18 00:00:00+00:00,,,,
2020-09-21 00:00:00+00:00,0.9994381070137021,0.000209979349165,0.9994381070137021,0.000209979349165
2020-09-22 00:00:00+00:00,,,,
2020-09-23 00:00:00+00:00,0.999407768249511,0.000298993545584,,
2020-09-24 00:00:00+00:00,,,,
2020-09-25 00:00:00+00:00,,,,
2020-09-28 00:00:00+00:00,,,,
2020-09-29 00:00:00+00:00,,,,
2020-09-30 00:00:00+00:00,,,,
2020-10-01 00:00:00+00:00,,,,
2020-10-02 00:00:00+00:00,,,,
2020-10-05 00:00:00+00:00,,,,
2020-10-06 00:00:00+00:00,,,,
2020-10-07 00:00:00+00:00,,,,
2020-10-08 00:00:00+00:00,,,,
2020-10-09 00:00:00+00:00,0.9983737468719481,0.0011301458580410002,,
2020-10-12 00:00:00+00:00,,,,
2020-10-13 00:00:00+00:00,0.9990874081850046,0.00026879570214050004,0.9986566603183741,0.00018161177285900003
2020-10-14 00:00:00+00:00,0.716586006539208,0.28323708027476474,0.009104594588279,0.9906861186027521
2020-10-15 00:00:00+00:00,0.9996612370014186,0.00020611502986800004,0.999704658985137,0.00022079802874900003
2020-10-16 00:00:00+00:00,0.002449943916872,0.9054231643676751,,
2020-10-19 00:00:00+00:00,,,,
2020-10-20 00:00:00+00:00,,,,
2020-10-21 00:00:00+00:00,,,,
2020-10-22 00:00:00+00:00,,,,
2020-10-23 00:00:00+00:00,,,,
2020-10-26 00:00:00+00:00,0.000775277731008,0.9987747073173521,,
2020-10-27 00:00:00+00:00,,,,
2020-10-28 00:00:00+00:00,0.007661426905542001,0.982781827449798,0.007661426905542001,0.982781827449798
2020-10-29 00:00:00+00:00,,,,
2020-10-30 00:00:00+00:00,,,,
2020-11-02 00:00:00+00:00,,,,
2020-11-03 00:00:00+00:00,0.00048611187958100006,0.000399016513256,,
2020-11-04 00:00:00+00:00,0.001116129569709,0.906523942947387,,
2020-11-05 00:00:00+00:00,0.08784841001033701,0.000458094145869,0.08784841001033701,0.000458094145869
2020-11-06 00:00:00+00:00,0.20011177624110124,0.00015463839517840003,0.25007530082802976,0.00016578802205850004
2020-11-09 00:00:00+00:00,,,,
2020-11-10 00:00:00+00:00,,,,
2020-11-11 00:00:00+00:00,,,,
2020-11-12 00:00:00+00:00,,,,
2020-11-13 00:00:00+00:00,,,,
2020-11-16 00:00:00+00:00,0.9995935327476919,0.00024240062500844445,0.9993748068809503,0.00037464848719500005
2020-11-17 00:00:00+00:00,,,,
2020-11-18 00:00:00+00:00,,,,
2020-11-19 00:00:00+00:00,0.9990368336439128,0.00022340162104200002,0.997843384742736,0.000265893700998
2020-11-20 00:00:00+00:00,,,,
2020-11-23 00:00:00+00:00,0.7598682610473281,0.07911749833535044,0.5962088060063804,0.09257793197264998
2020-11-24 00:00:00+00:00,,,,
2020-11-25 00:00:00+00:00,0.3611675730676826,0.6372554763171744,0.9893267154693601,0.000305211637169
2020-11-27 00:00:00+00:00,0.47650865626305156,0.5224694180000194,0.8459579696645955,0.15369374870967387
2020-11-30 00:00:00+00:00,,,,
2020-12-01 00:00:00+00:00,0.1835268805213365,0.33496444272653453,0.09744239598512601,0.00034329449408600004
2020-12-02 00:00:00+00:00,0.9852954167038644,0.001174338996399791,0.9996999502182001,0.00019311736105
2020-12-03 00:00:00+00:00,0.9856122799715253,0.0005953249899099727,0.006284074392169,0.00018918699061000002
2020-12-04 00:00:00+00:00,0.9384515617381441,0.0010156937046714542,0.13693119585514002,0.0007430887199000001
2020-12-07 00:00:00+00:00,0.6569252391289311,0.10231301324222938,0.943709591351514,0.0014590808403387506
2020-12-08 00:00:00+00:00,0.9897174031838121,0.009024860622087544,0.9897174031838121,0.009024860622087544
2020-12-09 00:00:00+00:00,,,,
2020-12-10 00:00:00+00:00,0.7996931084737299,0.0002292417921122,,
2020-12-11 00:00:00+00:00,0.9037559868481433,0.01435310554370471,,
2020-12-14 00:00:00+00:00,0.97690992170175,0.00047130282963495925,0.9967471137642854,0.00123907409215425
2020-12-15 00:00:00+00:00,0.35427772215579273,0.20227849499897751,0.8291716649976514,0.10320916150711722
2020-12-16 00:00:00+00:00,0.2880590664689517,0.632413187304081,0.9995243251323696,0.00019741985306550002
2020-12-17 00:00:00+00:00,0.9269289290696817,0.04961997413132915,0.6444983242739296,0.17040478959461303
2020-12-18 00:00:00+00:00,0.9524238785562813,0.019909153232691313,0.284970054868608,0.5014789607375856
2020-12-21 00:00:00+00:00,0.004511314909905,0.013356448151171001,,
2020-12-22 00:00:00+00:00,,,,
2020-12-23 00:00:00+00:00,,,,
2020-12-24 00:00:00+00:00,0.9991757571697231,0.000252925972745,0.9991757571697231,0.000252925972745
2020-12-28 00:00:00+00:00,0.6493635491468008,0.3489958605954596,0.9906545281410211,0.000495553773362
2020-12-29 00:00:00+00:00,,,,
2020-12-30 00:00:00+00:00,,,,
2020-12-31 00:00:00+00:00,,,,
